{
  "country": "DE",
  "n_regimes": 3,
  "init_mode": "seasonal",
  "min_regime_size": 50,
  "seed": 0,
  "spearman": -0.0035136948705914144,
  "samples_per_regime": [
    223.0,
    54.0,
    347.0
  ],
  "structures": [
    {
      "regime": 0,
      "parents": {
        "instantaneous": [
          [
            "DE_WINDPOW",
            0,
            "-0.14562184"
          ],
          [
            "DE_RESIDUAL_LOAD",
            0,
            "-0.1409759"
          ],
          [
            "GAS_RET",
            0,
            "0.07070756"
          ],
          [
            "CARBON_RET",
            0,
            "-0.05351822"
          ],
          [
            "DE_HYDRO",
            0,
            "-0.04720252"
          ],
          [
            "DE_SOLAR",
            0,
            "0.044222143"
          ],
          [
            "DE_RAIN",
            0,
            "0.037997097"
          ],
          [
            "COAL_RET",
            0,
            "-0.034463912"
          ],
          [
            "DE_WIND",
            0,
            "0.014930741"
          ]
        ],
        "lagged": [
          [
            "DE_CONSUMPTION",
            1,
            "0.06725604"
          ],
          [
            "CARBON_RET",
            1,
            "-0.06193736"
          ],
          [
            "DE_LIGNITE",
            1,
            "0.049371004"
          ],
          [
            "DE_NET_IMPORT",
            1,
            "-0.04538605"
          ],
          [
            "DE_COAL",
            1,
            "0.0364981"
          ],
          [
            "DE_WINDPOW",
            1,
            "-0.022500074"
          ],
          [
            "DE_SOLAR",
            1,
            "0.0198481"
          ],
          [
            "DE_RAIN",
            1,
            "0.015214485"
          ],
          [
            "DE_WIND",
            1,
            "0.012911616"
          ],
          [
            "FR_DE_EXCHANGE",
            1,
            "0.0121722"
          ],
          [
            "COAL_RET",
            1,
            "0.010686053"
          ]
        ]
      }
    },
    {
      "regime": 1,
      "parents": {
        "instantaneous": [
          [
            "COAL_RET",
            0,
            "0.08303588"
          ],
          [
            "DE_RESIDUAL_LOAD",
            0,
            "0.0786245"
          ],
          [
            "DE_HYDRO",
            0,
            "0.060675483"
          ]
        ],
        "lagged": [
          [
            "DE_SOLAR",
            1,
            "-0.12567681"
          ],
          [
            "FR_DE_EXCHANGE",
            1,
            "0.061626233"
          ],
          [
            "DE_GAS",
            1,
            "-0.039963003"
          ],
          [
            "DE_RAIN",
            1,
            "0.038885273"
          ],
          [
            "DE_RESIDUAL_LOAD",
            1,
            "-0.016879713"
          ],
          [
            "GAS_RET",
            1,
            "-0.0132240895"
          ]
        ]
      }
    },
    {
      "regime": 2,
      "parents": {
        "instantaneous": [
          [
            "CARBON_RET",
            0,
            "-0.088988975"
          ],
          [
            "DE_RESIDUAL_LOAD",
            0,
            "0.04936068"
          ],
          [
            "DE_WIND",
            0,
            "-0.04609755"
          ],
          [
            "DE_NET_IMPORT",
            0,
            "-0.042083245"
          ],
          [
            "DE_GAS",
            0,
            "-0.042077497"
          ],
          [
            "DE_NET_EXPORT",
            0,
            "0.024623089"
          ]
        ],
        "lagged": [
          [
            "DE_COAL",
            1,
            "-0.122451"
          ],
          [
            "DE_LIGNITE",
            1,
            "-0.099572174"
          ],
          [
            "DE_WIND",
            1,
            "-0.07378607"
          ],
          [
            "DE_FR_EXCHANGE",
            1,
            "-0.05512304"
          ],
          [
            "DE_NET_EXPORT",
            1,
            "-0.05161611"
          ],
          [
            "DE_RAIN",
            1,
            "-0.045120753"
          ],
          [
            "DE_GAS",
            1,
            "-0.042912163"
          ],
          [
            "DE_TEMP",
            1,
            "-0.037765313"
          ],
          [
            "FR_DE_EXCHANGE",
            1,
            "-0.028784392"
          ],
          [
            "GAS_RET",
            1,
            "-0.023943633"
          ]
        ]
      }
    }
  ]
}