{
  "msvar": {
    "metrics": {
      "rmse": 0.609804290670819,
      "mae": 0.3453355672606978,
      "smape": 184.07137612851392,
      "spearman": 0.0,
      "directional_accuracy": 0.7205815076500788
    },
    "elapsed_seconds": 15.709468126296997
  }
}