{
  "horizon": 1,
  "training_time": 130637.15674519539,
  "final_alpha": 20.474421358806328,
  "final_rho": 1.0,
  "final_dag_penalty": 0.0,
  "directional_accuracy": 0.7247324210811543,
  "rmse": 1.1681642532348633,
  "spearman": -0.011450540267253806,
  "mae": 0.35227683186531067,
  "smape": 142.79568195343018,
  "crps": 0.35206087447502,
  "rmse_eur_mwh": 0.2632792890071869,
  "mae_eur_mwh": 0.07939568161964417,
  "pred_std": 0.0069558932445943356,
  "pred_range": 0.04807392135262489,
  "regime_counts": {
    "0": 43708
  }
}