{
  "horizon": 1,
  "training_time": 33065.91733288765,
  "final_alpha": 18.315818142015104,
  "final_rho": 1.0,
  "final_dag_penalty": 0.0,
  "directional_accuracy": 0.7317618239250488,
  "rmse": 1.782197117805481,
  "spearman": -0.07693557703456615,
  "mae": 0.39966368675231934,
  "smape": 79.65041995048523,
  "crps": 0.3996021585587762,
  "rmse_eur_mwh": 0.3559553921222687,
  "mae_eur_mwh": 0.07982420176267624,
  "pred_std": 0.0006658770143985748,
  "pred_range": 0.013512039557099342,
  "regime_counts": {
    "1": 78317
  }
}