{
  "horizon": 1,
  "training_time": 2122.5669116973877,
  "final_alpha": 1000000000.0,
  "final_rho": 1.0,
  "final_dag_penalty": 8.198399035135905,
  "directional_accuracy": 0.7105263157894737,
  "rmse": 0.9149863123893738,
  "spearman": -0.001381135584140979,
  "mae": 0.6311019659042358,
  "smape": 149.16691780090332,
  "crps": 0.6018396195106712,
  "rmse_eur_mwh": 0.13476905226707458,
  "mae_eur_mwh": 0.09295552223920822,
  "pred_std": 0.2889683246612549,
  "pred_range": 1.6719802618026733,
  "regime_counts": {
    "0": 37,
    "1": 761
  }
}