{
  "horizon": 1,
  "training_time": 2070.4745440483093,
  "final_alpha": 1000000000.0,
  "final_rho": 1.0,
  "final_dag_penalty": 8.518007532755535,
  "directional_accuracy": 0.685069008782936,
  "rmse": 1.7490428686141968,
  "spearman": -0.1869053132120497,
  "mae": 0.8338822722434998,
  "smape": 157.53350257873535,
  "crps": 0.8009999586475735,
  "rmse_eur_mwh": 0.8463476896286011,
  "mae_eur_mwh": 0.40350884199142456,
  "pred_std": 0.2557545304298401,
  "pred_range": 1.4155495166778564,
  "regime_counts": {
    "0": 3,
    "1": 795
  }
}