{
  "horizon": 1,
  "training_time": 29103.004402160645,
  "final_alpha": 49.721345129302044,
  "final_rho": 1.0,
  "final_dag_penalty": 0.0,
  "directional_accuracy": 0.7387296324748311,
  "rmse": 1.7533093690872192,
  "spearman": -0.10898291103096464,
  "mae": 0.5708251595497131,
  "smape": 149.82731342315674,
  "crps": 0.5707848191481655,
  "rmse_eur_mwh": 0.5283599495887756,
  "mae_eur_mwh": 0.17201821506023407,
  "pred_std": 0.01790253072977066,
  "pred_range": 0.06941448897123337,
  "regime_counts": {
    "1": 35097
  }
}