{
  "horizon": 1,
  "training_time": 1660.0619859695435,
  "final_alpha": 897888974.9832774,
  "final_rho": 1.0,
  "final_dag_penalty": 7.704271825154622,
  "directional_accuracy": 0.7305764411027569,
  "rmse": 2.2055504322052,
  "spearman": -0.0928562876408636,
  "mae": 1.2681397199630737,
  "smape": 166.842520236969,
  "crps": 1.2571744816820256,
  "rmse_eur_mwh": 1.089142084121704,
  "mae_eur_mwh": 0.6262310743331909,
  "pred_std": 0.18288888037204742,
  "pred_range": 1.1621265411376953,
  "regime_counts": {
    "1": 798
  }
}