{
  "horizon": 1,
  "training_time": 1934.407607793808,
  "final_alpha": 1000000000.0,
  "final_rho": 1000000000.0,
  "final_dag_penalty": 62886069964.8,
  "directional_accuracy": 0.7017543859649122,
  "rmse": 1.4159185886383057,
  "spearman": -0.05065599726566448,
  "mae": 0.7842791080474854,
  "smape": 157.13154077529907,
  "crps": 0.7183909614362549,
  "rmse_eur_mwh": 0.8033139109611511,
  "mae_eur_mwh": 0.44495660066604614,
  "pred_std": 0.2042461484670639,
  "pred_range": 1.1823930740356445,
  "regime_counts": {
    "0": 765,
    "1": 33
  }
}