{
  "country": "ALL",
  "n_regimes": 1,
  "init_mode": "seasonal",
  "min_regime_size": 50,
  "seed": 42,
  "spearman": 0.2519963741876791,
  "samples_per_regime": [
    1465.0
  ],
  "structures": [
    {
      "regime": 0,
      "parents": {
        "instantaneous": [
          [
            "FR_WINDPOW",
            0,
            "0.08986774"
          ],
          [
            "DE_RESIDUAL_LOAD",
            0,
            "-0.070503704"
          ],
          [
            "DE_NET_IMPORT",
            0,
            "-0.054753587"
          ],
          [
            "DE_HYDRO",
            0,
            "-0.05015204"
          ],
          [
            "DE_NET_EXPORT",
            0,
            "0.04457165"
          ],
          [
            "DE_WINDPOW",
            0,
            "0.033120833"
          ]
        ],
        "lagged": [
          [
            "FR_GAS",
            1,
            "0.1787324"
          ],
          [
            "DE_LIGNITE",
            1,
            "0.15150574"
          ],
          [
            "DE_TEMP",
            1,
            "0.14422663"
          ],
          [
            "COAL_RET",
            1,
            "0.13064797"
          ],
          [
            "FR_TEMP",
            1,
            "0.1290594"
          ],
          [
            "DE_SOLAR",
            1,
            "0.12258776"
          ],
          [
            "FR_COAL",
            1,
            "0.11540564"
          ],
          [
            "FR_DE_EXCHANGE",
            1,
            "0.10678932"
          ],
          [
            "DE_RAIN",
            1,
            "0.100103095"
          ],
          [
            "DE_NUCLEAR",
            1,
            "0.0992953"
          ],
          [
            "FR_SOLAR",
            1,
            "0.095345795"
          ],
          [
            "DE_FR_EXCHANGE",
            1,
            "0.090678014"
          ],
          [
            "FR_WINDPOW",
            1,
            "0.08777505"
          ],
          [
            "FR_RAIN",
            1,
            "0.08663597"
          ],
          [
            "DE_GAS",
            1,
            "0.086387664"
          ],
          [
            "DE_WINDPOW",
            1,
            "0.08488229"
          ],
          [
            "CARBON_RET",
            1,
            "0.08245648"
          ],
          [
            "DE_WIND",
            1,
            "0.08186165"
          ],
          [
            "DE_NET_IMPORT",
            1,
            "0.081121854"
          ],
          [
            "FR_HYDRO",
            1,
            "0.077034466"
          ],
          [
            "DE_NET_EXPORT",
            1,
            "0.07633411"
          ],
          [
            "FR_NET_EXPORT",
            1,
            "0.07247737"
          ],
          [
            "GAS_RET",
            1,
            "0.07104827"
          ],
          [
            "DE_COAL",
            1,
            "0.0555178"
          ],
          [
            "DE_HYDRO",
            1,
            "0.042228006"
          ],
          [
            "DE_RESIDUAL_LOAD",
            1,
            "0.034227476"
          ],
          [
            "DE_CONSUMPTION",
            1,
            "0.019690007"
          ],
          [
            "FR_CONSUMPTION",
            1,
            "0.016937563"
          ],
          [
            "FR_RESIDUAL_LOAD",
            1,
            "0.006172154"
          ]
        ]
      }
    }
  ]
}