{
  "horizon": 14,
  "training_time": 1150.6750357151031,
  "final_alpha": 1000000000.0,
  "final_rho": 1.0,
  "final_dag_penalty": 7.728564135233562,
  "directional_accuracy": 0.7055837563451777,
  "rmse": 2.226484537124634,
  "spearman": 0.00780843637601107,
  "mae": 1.2722015380859375,
  "smape": 152.0166516304016,
  "crps": 1.2345156015490157,
  "rmse_eur_mwh": 0.4490824341773987,
  "mae_eur_mwh": 0.25660333037376404,
  "pred_std": 0.5268092751502991,
  "pred_range": 2.441415548324585,
  "regime_counts": {
    "0": 510,
    "1": 278
  }
}