{
  "horizon": 14,
  "training_time": 1746.3856046199799,
  "final_alpha": 1000000000.0,
  "final_rho": 1.0,
  "final_dag_penalty": 8.305616887410482,
  "directional_accuracy": 0.6700507614213198,
  "rmse": 2.289423704147339,
  "spearman": -0.016648454232918754,
  "mae": 1.4135128259658813,
  "smape": 156.2293291091919,
  "crps": 1.3783007953764368,
  "rmse_eur_mwh": 0.46177729964256287,
  "mae_eur_mwh": 0.2851058542728424,
  "pred_std": 0.5948474407196045,
  "pred_range": 2.73579478263855,
  "regime_counts": {
    "0": 439,
    "1": 349
  }
}