{
  "horizon": 1,
  "training_time": 1182.886298418045,
  "final_alpha": 1000000000.0,
  "final_rho": 1.0,
  "final_dag_penalty": 8.555188083648684,
  "directional_accuracy": 0.7452948557089084,
  "rmse": 2.3014280796051025,
  "spearman": -0.02476123384787172,
  "mae": 1.2328639030456543,
  "smape": 163.75904083251953,
  "crps": 1.2060222168990529,
  "rmse_eur_mwh": 0.5857361555099487,
  "mae_eur_mwh": 0.31377604603767395,
  "pred_std": 0.1843205690383911,
  "pred_range": 1.355055332183838,
  "regime_counts": {
    "0": 791,
    "1": 7
  }
}