{
  "horizon": 1,
  "training_time": 1896.879801273346,
  "final_alpha": 1000000000.0,
  "final_rho": 1.0,
  "final_dag_penalty": 7.424921131134033,
  "directional_accuracy": 0.6854636591478697,
  "rmse": 2.1744213104248047,
  "spearman": -0.014526022995385668,
  "mae": 1.373101830482483,
  "smape": 158.55902433395386,
  "crps": 1.3419697612044614,
  "rmse_eur_mwh": 0.7511685490608215,
  "mae_eur_mwh": 0.474347323179245,
  "pred_std": 0.37629592418670654,
  "pred_range": 1.9972734451293945,
  "regime_counts": {
    "0": 310,
    "1": 488
  }
}