{
  "horizon": 1,
  "training_time": 2093.2912282943726,
  "final_alpha": 1000000000.0,
  "final_rho": 1.0,
  "final_dag_penalty": 8.411431248982748,
  "directional_accuracy": 0.7816813048933501,
  "rmse": 2.278380870819092,
  "spearman": 0.21157089318806183,
  "mae": 1.191338300704956,
  "smape": 146.38583660125732,
  "crps": 1.171119580688984,
  "rmse_eur_mwh": 0.5798704028129578,
  "mae_eur_mwh": 0.3032073378562927,
  "pred_std": 0.18246299028396606,
  "pred_range": 1.0808367729187012,
  "regime_counts": {
    "0": 25,
    "1": 773
  }
}