{
  "horizon": 1,
  "training_time": 36562.79643392563,
  "final_alpha": 139.2370498855761,
  "final_rho": 10.0,
  "final_dag_penalty": 0.0,
  "directional_accuracy": 0.7268597127254371,
  "rmse": 1.7605761289596558,
  "spearman": 0.05454861718326563,
  "mae": 0.44542360305786133,
  "smape": 159.80342626571655,
  "crps": 0.4454194595726668,
  "rmse_eur_mwh": 0.37874987721443176,
  "mae_eur_mwh": 0.0958232507109642,
  "pred_std": 0.0010858661262318492,
  "pred_range": 0.08731621503829956,
  "regime_counts": {
    "1": 28675
  }
}