{
  "horizon": 1,
  "training_time": 2211.4242787361145,
  "final_alpha": 1000000000.0,
  "final_rho": 1.0,
  "final_dag_penalty": 8.305616887410482,
  "directional_accuracy": 0.6917293233082706,
  "rmse": 1.535269021987915,
  "spearman": -0.07778521507053145,
  "mae": 1.0014989376068115,
  "smape": 160.61660051345825,
  "crps": 0.9661058705029445,
  "rmse_eur_mwh": 0.4332770109176636,
  "mae_eur_mwh": 0.28263869881629944,
  "pred_std": 0.31083425879478455,
  "pred_range": 1.7087668180465698,
  "regime_counts": {
    "0": 297,
    "1": 501
  }
}