{
  "horizon": 1,
  "training_time": 2255.6429002285004,
  "final_alpha": 1000000000.0,
  "final_rho": 1.0,
  "final_dag_penalty": 8.518007532755535,
  "directional_accuracy": 0.7781954887218046,
  "rmse": 1.1222965717315674,
  "spearman": 0.42037099315141835,
  "mae": 0.499398410320282,
  "smape": 127.49515771865845,
  "crps": 0.4667421157469449,
  "rmse_eur_mwh": 0.8416234254837036,
  "mae_eur_mwh": 0.3745047450065613,
  "pred_std": 0.27014240622520447,
  "pred_range": 1.519865870475769,
  "regime_counts": {
    "0": 624,
    "1": 174
  }
}