{
  "msvar": {
    "metrics": {
      "rmse": 2.2369104143869953,
      "mae": 0.5964831563694841,
      "smape": 190.99635589338115,
      "spearman": 0.0,
      "directional_accuracy": 0.723588142720776
    },
    "elapsed_seconds": 38.963008642196655
  }
}