{
  "horizon": 7,
  "training_time": 3393.6337711811066,
  "final_alpha": 1000000000.0,
  "final_rho": 1.0,
  "final_dag_penalty": 8.815273888905843,
  "directional_accuracy": 0.6867924528301886,
  "rmse": 2.2433509826660156,
  "spearman": -0.06518018541927832,
  "mae": 1.35469388961792,
  "smape": 156.55517578125,
  "crps": 1.322366541279225,
  "rmse_eur_mwh": 0.4524844288825989,
  "mae_eur_mwh": 0.2732420861721039,
  "pred_std": 0.5282423496246338,
  "pred_range": 2.290616035461426,
  "regime_counts": {
    "0": 481,
    "1": 314
  }
}