{
  "horizon": 1,
  "training_time": 96262.97394919395,
  "final_alpha": 18.453268244971152,
  "final_rho": 1.0,
  "final_dag_penalty": 0.0,
  "directional_accuracy": 0.7356972465936199,
  "rmse": 1.7489714622497559,
  "spearman": 0.010335125886336597,
  "mae": 0.5806332230567932,
  "smape": 197.40467071533203,
  "crps": 0.5805699679429808,
  "rmse_eur_mwh": 0.5270527601242065,
  "mae_eur_mwh": 0.17497390508651733,
  "pred_std": 0.0015677501214668155,
  "pred_range": 0.05922894552350044,
  "regime_counts": {
    "0": 35097
  }
}