{
  "horizon": 1,
  "training_time": 61201.145347595215,
  "final_alpha": 39.59489366410521,
  "final_rho": 1.0,
  "final_dag_penalty": 0.0,
  "directional_accuracy": 0.7302119871892634,
  "rmse": 0.6063625812530518,
  "spearman": -0.12493271672680435,
  "mae": 0.3252180218696594,
  "smape": 197.59970903396606,
  "crps": 0.3252173525076183,
  "rmse_eur_mwh": 0.06310772150754929,
  "mae_eur_mwh": 0.03384735435247421,
  "pred_std": 0.00041571856127120554,
  "pred_range": 0.014233017340302467,
  "regime_counts": {
    "1": 25795
  }
}