{
  "horizon": 1,
  "training_time": 2410.516829967499,
  "final_alpha": 1000000000.0,
  "final_rho": 1.0,
  "final_dag_penalty": 7.410612456003824,
  "directional_accuracy": 0.6654135338345865,
  "rmse": 1.251856803894043,
  "spearman": 0.006425035762091335,
  "mae": 0.7612631320953369,
  "smape": 162.96613216400146,
  "crps": 0.7364971223839158,
  "rmse_eur_mwh": 0.5924524068832397,
  "mae_eur_mwh": 0.3602745532989502,
  "pred_std": 0.3139638602733612,
  "pred_range": 1.6495978832244873,
  "regime_counts": {
    "0": 154,
    "1": 644
  }
}