{
  "horizon": 1,
  "training_time": 2028.3909471035004,
  "final_alpha": 1000000000.0,
  "final_rho": 1.0,
  "final_dag_penalty": 7.46009391148885,
  "directional_accuracy": 0.7167919799498746,
  "rmse": 1.2236032485961914,
  "spearman": 0.10917488464150767,
  "mae": 0.6137069463729858,
  "smape": 142.9789662361145,
  "crps": 0.5821087267910414,
  "rmse_eur_mwh": 0.579081118106842,
  "mae_eur_mwh": 0.2904422879219055,
  "pred_std": 0.24821363389492035,
  "pred_range": 1.4409079551696777,
  "regime_counts": {
    "0": 746,
    "1": 52
  }
}