{
  "horizon": 1,
  "training_time": 1928.7743344306946,
  "final_alpha": 1000000000.0,
  "final_rho": 1.0,
  "final_dag_penalty": 8.473445065816243,
  "directional_accuracy": 0.6654135338345865,
  "rmse": 1.1917694807052612,
  "spearman": 0.09468772281113362,
  "mae": 0.6235558390617371,
  "smape": 156.50525093078613,
  "crps": 0.582188867992821,
  "rmse_eur_mwh": 0.8937219977378845,
  "mae_eur_mwh": 0.4676119089126587,
  "pred_std": 0.23731687664985657,
  "pred_range": 1.4793663024902344,
  "regime_counts": {
    "0": 1,
    "1": 797
  }
}