{
  "horizon": 1,
  "training_time": 2046.2100293636322,
  "final_alpha": 1000000000.0,
  "final_rho": 1.0,
  "final_dag_penalty": 7.915848509470623,
  "directional_accuracy": 0.7427854454203262,
  "rmse": 2.1380536556243896,
  "spearman": -0.018097883295047388,
  "mae": 1.319404125213623,
  "smape": 165.18820524215698,
  "crps": 1.2983941597210953,
  "rmse_eur_mwh": 0.6122683882713318,
  "mae_eur_mwh": 0.3778339922428131,
  "pred_std": 0.2026161402463913,
  "pred_range": 1.3544470071792603,
  "regime_counts": {
    "0": 797,
    "1": 1
  }
}