{
  "horizon": 1,
  "training_time": 1250.9590847492218,
  "final_alpha": 1000000000.0,
  "final_rho": 1.0,
  "final_dag_penalty": 7.548657735188803,
  "directional_accuracy": 0.6578947368421053,
  "rmse": 1.28388249874115,
  "spearman": -0.11504505741006261,
  "mae": 0.8055692911148071,
  "smape": 166.97932481765747,
  "crps": 0.7786694133040728,
  "rmse_eur_mwh": 0.6076087951660156,
  "mae_eur_mwh": 0.38124287128448486,
  "pred_std": 0.3181396722793579,
  "pred_range": 1.7357070446014404,
  "regime_counts": {
    "0": 780,
    "1": 18
  }
}