{
  "msvar": {
    "metrics": {
      "rmse": 1.7626237983944204,
      "mae": 0.4362470500047675,
      "smape": 104.43820799576899,
      "spearman": 0.0,
      "directional_accuracy": 0.7499196989859129
    },
    "elapsed_seconds": 14.622585773468018
  }
}