{
  "horizon": 1,
  "training_time": 147524.16260576248,
  "final_alpha": 7.081220499328005,
  "final_rho": 1.0,
  "final_dag_penalty": 0.0,
  "directional_accuracy": 0.7296353430175259,
  "rmse": 2.8513448238372803,
  "spearman": -0.08125162375636956,
  "mae": 0.7664270997047424,
  "smape": 107.11849927902222,
  "crps": 0.7662773666160272,
  "rmse_eur_mwh": 0.27051132917404175,
  "mae_eur_mwh": 0.07271208614110947,
  "pred_std": 0.0015644421800971031,
  "pred_range": 0.09746117889881134,
  "regime_counts": {
    "0": 78238
  }
}