{
  "horizon": 1,
  "training_time": 2343.172085046768,
  "final_alpha": 1000000000.0,
  "final_rho": 1.0,
  "final_dag_penalty": 7.541610304514568,
  "directional_accuracy": 0.7531328320802005,
  "rmse": 1.7185149192810059,
  "spearman": 0.2381272451833462,
  "mae": 0.824097216129303,
  "smape": 139.79005813598633,
  "crps": 0.8095321029397822,
  "rmse_eur_mwh": 0.5204129219055176,
  "mae_eur_mwh": 0.24955898523330688,
  "pred_std": 0.09423435479402542,
  "pred_range": 0.5171189308166504,
  "regime_counts": {
    "0": 7,
    "1": 791
  }
}