{
  "horizon": 1,
  "training_time": 2168.6032614707947,
  "final_alpha": 1000000000.0,
  "final_rho": 1.0,
  "final_dag_penalty": 7.8719289461771655,
  "directional_accuracy": 0.6904761904761905,
  "rmse": 2.174419641494751,
  "spearman": -0.04329996418078935,
  "mae": 1.3272390365600586,
  "smape": 163.52851390838623,
  "crps": 1.2894567796332828,
  "rmse_eur_mwh": 0.7511680126190186,
  "mae_eur_mwh": 0.4585036635398865,
  "pred_std": 0.27491191029548645,
  "pred_range": 1.4997503757476807,
  "regime_counts": {
    "0": 250,
    "1": 548
  }
}