{
  "horizon": 1,
  "training_time": 2101.019441843033,
  "final_alpha": 1000000000.0,
  "final_rho": 1.0,
  "final_dag_penalty": 8.411431248982748,
  "directional_accuracy": 0.7556390977443609,
  "rmse": 1.2110360860824585,
  "spearman": 0.06778162255141246,
  "mae": 0.5231412053108215,
  "smape": 130.67601919174194,
  "crps": 0.5051202963443212,
  "rmse_eur_mwh": 0.908170223236084,
  "mae_eur_mwh": 0.3923097252845764,
  "pred_std": 0.15156450867652893,
  "pred_range": 1.027504563331604,
  "regime_counts": {
    "0": 2,
    "1": 796
  }
}