{
  "horizon": 1,
  "training_time": 2173.438099384308,
  "final_alpha": 896698472.0310636,
  "final_rho": 1.0,
  "final_dag_penalty": 7.860415013631186,
  "directional_accuracy": 0.7456140350877193,
  "rmse": 2.213090181350708,
  "spearman": -0.0752770024784192,
  "mae": 1.2685778141021729,
  "smape": 160.08566617965698,
  "crps": 1.2444363441453845,
  "rmse_eur_mwh": 1.0928653478622437,
  "mae_eur_mwh": 0.6264474987983704,
  "pred_std": 0.2129267454147339,
  "pred_range": 1.1989099979400635,
  "regime_counts": {
    "0": 13,
    "1": 785
  }
}