{
  "horizon": 1,
  "training_time": 2101.0576066970825,
  "final_alpha": 1000000000.0,
  "final_rho": 1.0,
  "final_dag_penalty": 8.411431248982748,
  "directional_accuracy": 0.7503136762860728,
  "rmse": 1.7193999290466309,
  "spearman": 0.08432826461565054,
  "mae": 0.7564626932144165,
  "smape": 137.55429983139038,
  "crps": 0.7368265138793707,
  "rmse_eur_mwh": 0.8320037126541138,
  "mae_eur_mwh": 0.36604610085487366,
  "pred_std": 0.15714552998542786,
  "pred_range": 1.0304253101348877,
  "regime_counts": {
    "0": 3,
    "1": 795
  }
}