{
  "horizon": 1,
  "training_time": 2241.004075050354,
  "final_alpha": 1000000000.0,
  "final_rho": 1.0,
  "final_dag_penalty": 7.410612456003824,
  "directional_accuracy": 0.7055137844611529,
  "rmse": 2.184852123260498,
  "spearman": -0.0911362576702597,
  "mae": 1.3183914422988892,
  "smape": 163.71415853500366,
  "crps": 1.289211124708049,
  "rmse_eur_mwh": 0.7547720074653625,
  "mae_eur_mwh": 0.45544731616973877,
  "pred_std": 0.26887843012809753,
  "pred_range": 1.884356141090393,
  "regime_counts": {
    "0": 254,
    "1": 544
  }
}