{
  "horizon": 1,
  "training_time": 2056.695730447769,
  "final_alpha": 903086750.7989821,
  "final_rho": 1.0,
  "final_dag_penalty": 8.02968594233195,
  "directional_accuracy": 0.7418546365914787,
  "rmse": 2.1715285778045654,
  "spearman": 0.1009269095168183,
  "mae": 1.2555936574935913,
  "smape": 158.05367231369019,
  "crps": 1.2269829803491794,
  "rmse_eur_mwh": 1.0723414421081543,
  "mae_eur_mwh": 0.6200355887413025,
  "pred_std": 0.2562526762485504,
  "pred_range": 1.3700838088989258,
  "regime_counts": {
    "0": 726,
    "1": 72
  }
}