{
  "horizon": 1,
  "training_time": 2141.126609802246,
  "final_alpha": 1000000000.0,
  "final_rho": 1.0,
  "final_dag_penalty": 8.25303430557251,
  "directional_accuracy": 0.7167919799498746,
  "rmse": 1.506404995918274,
  "spearman": -0.02226385878225791,
  "mae": 0.9123470187187195,
  "smape": 160.60094833374023,
  "crps": 0.8923365449691449,
  "rmse_eur_mwh": 0.4251311421394348,
  "mae_eur_mwh": 0.25747865438461304,
  "pred_std": 0.19159303605556488,
  "pred_range": 1.2007086277008057,
  "regime_counts": {
    "0": 798
  }
}