{
  "horizon": 1,
  "training_time": 2289.5954039096832,
  "final_alpha": 1000000000.0,
  "final_rho": 1.0,
  "final_dag_penalty": 8.473445065816243,
  "directional_accuracy": 0.7026348808030113,
  "rmse": 1.6261762380599976,
  "spearman": 0.3006013451074696,
  "mae": 0.8192588686943054,
  "smape": 143.83116960525513,
  "crps": 0.7704752810909798,
  "rmse_eur_mwh": 0.7868935465812683,
  "mae_eur_mwh": 0.39643266797065735,
  "pred_std": 0.36730727553367615,
  "pred_range": 2.0382399559020996,
  "regime_counts": {
    "0": 227,
    "1": 571
  }
}