{
  "horizon": 7,
  "training_time": 1777.7281036376953,
  "final_alpha": 1000000000.0,
  "final_rho": 1.0,
  "final_dag_penalty": 8.25303430557251,
  "directional_accuracy": 0.7371069182389937,
  "rmse": 2.2624738216400146,
  "spearman": -0.07514001737216093,
  "mae": 1.209046483039856,
  "smape": 149.9483585357666,
  "crps": 1.187713424461287,
  "rmse_eur_mwh": 0.4563414454460144,
  "mae_eur_mwh": 0.24386492371559143,
  "pred_std": 0.388669490814209,
  "pred_range": 1.9069085121154785,
  "regime_counts": {
    "0": 795
  }
}