{
  "horizon": 1,
  "training_time": 1167.5151329040527,
  "final_alpha": 1000000000.0,
  "final_rho": 1.0,
  "final_dag_penalty": 7.548657735188803,
  "directional_accuracy": 0.7017543859649122,
  "rmse": 2.195244789123535,
  "spearman": -0.10841353936617851,
  "mae": 1.3290663957595825,
  "smape": 164.5822048187256,
  "crps": 1.3054992854113099,
  "rmse_eur_mwh": 0.7583622336387634,
  "mae_eur_mwh": 0.4591350555419922,
  "pred_std": 0.29242080450057983,
  "pred_range": 1.477043867111206,
  "regime_counts": {
    "0": 748,
    "1": 50
  }
}