{
  "horizon": 1,
  "training_time": 2323.7547657489777,
  "final_alpha": 1000000000.0,
  "final_rho": 1.0,
  "final_dag_penalty": 8.333415063222251,
  "directional_accuracy": 0.7302383939774153,
  "rmse": 2.2983243465423584,
  "spearman": -0.04324300665420814,
  "mae": 1.2887141704559326,
  "smape": 163.48884105682373,
  "crps": 1.264281591780036,
  "rmse_eur_mwh": 0.5849462151527405,
  "mae_eur_mwh": 0.32799047231674194,
  "pred_std": 0.23341025412082672,
  "pred_range": 1.3925580978393555,
  "regime_counts": {
    "0": 279,
    "1": 519
  }
}