{
  "horizon": 1,
  "training_time": 41832.86484360695,
  "final_alpha": 377.06742174763315,
  "final_rho": 1000.0,
  "final_dag_penalty": 0.0,
  "directional_accuracy": 0.7322454374459865,
  "rmse": 0.6059274673461914,
  "spearman": 0.0747140438414236,
  "mae": 0.3209138810634613,
  "smape": 174.60815906524658,
  "crps": 0.32091329354584913,
  "rmse_eur_mwh": 0.06306243687868118,
  "mae_eur_mwh": 0.033399391919374466,
  "pred_std": 0.000528927193954587,
  "pred_range": 0.020184993743896484,
  "regime_counts": {
    "1": 25795
  }
}