{
  "horizon": 1,
  "training_time": 146350.71837234497,
  "final_alpha": 7.111094584525604,
  "final_rho": 1.0,
  "final_dag_penalty": 0.0,
  "directional_accuracy": 0.730665921739691,
  "rmse": 1.7819823026657104,
  "spearman": 0.05998497534091111,
  "mae": 0.40192607045173645,
  "smape": 93.11675429344177,
  "crps": 0.40186423505291924,
  "rmse_eur_mwh": 0.3559125065803528,
  "mae_eur_mwh": 0.08027606457471848,
  "pred_std": 0.0012226944090798497,
  "pred_range": 0.017804335802793503,
  "regime_counts": {
    "0": 78317
  }
}