{
  "horizon": 1,
  "training_time": 1336.3590581417084,
  "final_alpha": 1000000000.0,
  "final_rho": 1.0,
  "final_dag_penalty": 8.25303430557251,
  "directional_accuracy": 0.7578027465667915,
  "rmse": 2.352047920227051,
  "spearman": 0.05717459628083349,
  "mae": 1.2494336366653442,
  "smape": 139.14352655410767,
  "crps": 1.231447245198024,
  "rmse_eur_mwh": 0.4597117602825165,
  "mae_eur_mwh": 0.24420394003391266,
  "pred_std": 0.4545546770095825,
  "pred_range": 1.9949517250061035,
  "regime_counts": {
    "0": 801
  }
}