{
  "country": "DE",
  "n_regimes": 1,
  "spearman": 0.43564951822715536,
  "samples_per_regime": [
    642.0
  ],
  "structures": [
    {
      "regime": 0,
      "parents": {
        "instantaneous": [
          [
            "DE_RESIDUAL_LOAD",
            0,
            "0.07691321"
          ],
          [
            "DE_NET_EXPORT",
            0,
            "-0.060425043"
          ],
          [
            "DE_HYDRO",
            0,
            "0.034883592"
          ],
          [
            "DE_WINDPOW",
            0,
            "-0.023543155"
          ],
          [
            "DE_GAS",
            0,
            "0.013148387"
          ]
        ],
        "lagged": [
          [
            "DE_TEMP",
            1,
            "-0.08816138"
          ],
          [
            "DE_RAIN",
            1,
            "-0.086429745"
          ],
          [
            "DE_SOLAR",
            1,
            "-0.06826486"
          ],
          [
            "DE_HYDRO",
            1,
            "-0.057005964"
          ],
          [
            "DE_FR_EXCHANGE",
            1,
            "-0.04960667"
          ],
          [
            "COAL_RET",
            1,
            "-0.04848039"
          ],
          [
            "DE_LIGNITE",
            1,
            "-0.046608403"
          ],
          [
            "GAS_RET",
            1,
            "-0.04244453"
          ],
          [
            "DE_COAL",
            1,
            "-0.041058425"
          ],
          [
            "DE_NUCLEAR",
            1,
            "-0.038577396"
          ],
          [
            "DE_GAS",
            1,
            "-0.036296394"
          ],
          [
            "DE_WINDPOW",
            1,
            "-0.034643404"
          ],
          [
            "CARBON_RET",
            1,
            "-0.0301702"
          ],
          [
            "DE_CONSUMPTION",
            1,
            "-0.023415629"
          ],
          [
            "DE_NET_EXPORT",
            1,
            "-0.019079639"
          ],
          [
            "DE_WIND",
            1,
            "-0.017892191"
          ],
          [
            "DE_RESIDUAL_LOAD",
            1,
            "-0.013118191"
          ],
          [
            "DE_NET_IMPORT",
            1,
            "0.010300849"
          ],
          [
            "FR_DE_EXCHANGE",
            1,
            "-0.0064143767"
          ]
        ]
      }
    }
  ],
  "dags": [
    {
      "regime": 0,
      "n_samples": 642
    }
  ]
}