{
  "horizon": 1,
  "training_time": 74911.72408676147,
  "final_alpha": 22.698228422485954,
  "final_rho": 1.0,
  "final_dag_penalty": 0.0,
  "directional_accuracy": 0.7248621805093626,
  "rmse": 1.149905800819397,
  "spearman": -0.06135455482924796,
  "mae": 0.34265291690826416,
  "smape": 188.5293960571289,
  "crps": 0.3425234147116181,
  "rmse_eur_mwh": 0.35974979400634766,
  "mae_eur_mwh": 0.10719949007034302,
  "pred_std": 0.005872112698853016,
  "pred_range": 0.06170839071273804,
  "regime_counts": {
    "0": 28675
  }
}