{
  "horizon": 1,
  "training_time": 1830.976790189743,
  "final_alpha": 1000000000.0,
  "final_rho": 1000000000.0,
  "final_dag_penalty": 62597854378.666664,
  "directional_accuracy": 0.6716791979949874,
  "rmse": 1.4406465291976929,
  "spearman": -0.0846206606642594,
  "mae": 0.8819451332092285,
  "smape": 161.08967065811157,
  "crps": 0.8318613439421685,
  "rmse_eur_mwh": 0.8173431754112244,
  "mae_eur_mwh": 0.5003669261932373,
  "pred_std": 0.2969794273376465,
  "pred_range": 1.4302794933319092,
  "regime_counts": {
    "1": 798
  }
}