{
  "horizon": 1,
  "training_time": 47930.89407539368,
  "final_alpha": 17.20739822284035,
  "final_rho": 1.0,
  "final_dag_penalty": 0.0,
  "directional_accuracy": 0.7324634700261388,
  "rmse": 2.704908609390259,
  "spearman": 0.0011100450103827923,
  "mae": 0.6059149503707886,
  "smape": 117.1444296836853,
  "crps": 0.6057358683481237,
  "rmse_eur_mwh": 0.3894510269165039,
  "mae_eur_mwh": 0.08723924309015274,
  "pred_std": 0.0026056431233882904,
  "pred_range": 0.02516305074095726,
  "regime_counts": {
    "1": 78431
  }
}