{
  "horizon": 1,
  "training_time": 2285.560080766678,
  "final_alpha": 1000000000.0,
  "final_rho": 1.0,
  "final_dag_penalty": 7.6722226778666185,
  "directional_accuracy": 0.6679197994987469,
  "rmse": 1.7011533975601196,
  "spearman": 0.11830876498571775,
  "mae": 0.9714871048927307,
  "smape": 158.04585218429565,
  "crps": 0.9390114674736704,
  "rmse_eur_mwh": 0.5151553750038147,
  "mae_eur_mwh": 0.2941926419734955,
  "pred_std": 0.21324016153812408,
  "pred_range": 1.3743171691894531,
  "regime_counts": {
    "0": 704,
    "1": 94
  }
}