{
  "horizon": 1,
  "training_time": 1181.4447929859161,
  "final_alpha": 1000000000.0,
  "final_rho": 1.0,
  "final_dag_penalty": 8.555188083648684,
  "directional_accuracy": 0.7452948557089084,
  "rmse": 1.7122340202331543,
  "spearman": 0.09282030959305497,
  "mae": 0.7573269009590149,
  "smape": 141.90618991851807,
  "crps": 0.7285120848181613,
  "rmse_eur_mwh": 0.8285361528396606,
  "mae_eur_mwh": 0.3664643466472626,
  "pred_std": 0.1831888109445572,
  "pred_range": 1.1557003259658813,
  "regime_counts": {
    "0": 797,
    "1": 1
  }
}