{
  "horizon": 1,
  "training_time": 1244.635605096817,
  "final_alpha": 1000000000.0,
  "final_rho": 1.0,
  "final_dag_penalty": 7.915848509470623,
  "directional_accuracy": 0.7568922305764411,
  "rmse": 1.7474915981292725,
  "spearman": 0.13552048658393723,
  "mae": 0.8364213705062866,
  "smape": 136.36205196380615,
  "crps": 0.8165526808966009,
  "rmse_eur_mwh": 0.5291878581047058,
  "mae_eur_mwh": 0.2532910406589508,
  "pred_std": 0.1739470660686493,
  "pred_range": 1.357495903968811,
  "regime_counts": {
    "0": 798
  }
}