{
  "horizon": 1,
  "training_time": 41200.713415145874,
  "final_alpha": 20.700149972692174,
  "final_rho": 1.0,
  "final_dag_penalty": 0.0,
  "directional_accuracy": 0.7358397600685519,
  "rmse": 2.1481642723083496,
  "spearman": -0.005773104616696256,
  "mae": 0.5615715980529785,
  "smape": 77.43174433708191,
  "crps": 0.5613959855153027,
  "rmse_eur_mwh": 0.2974737286567688,
  "mae_eur_mwh": 0.07776536792516708,
  "pred_std": 0.0011676937574520707,
  "pred_range": 0.012688171118497849,
  "regime_counts": {
    "1": 78239
  }
}