{
  "horizon": 1,
  "training_time": 40460.358627557755,
  "final_alpha": 29.957477151718006,
  "final_rho": 1.0,
  "final_dag_penalty": 0.0,
  "directional_accuracy": 0.734332671121546,
  "rmse": 2.238314151763916,
  "spearman": -0.08655880472348378,
  "mae": 0.5584002733230591,
  "smape": 106.24774694442749,
  "crps": 0.5581459214646892,
  "rmse_eur_mwh": 0.29892027378082275,
  "mae_eur_mwh": 0.07457271218299866,
  "pred_std": 0.0021460410207509995,
  "pred_range": 0.02316601388156414,
  "regime_counts": {
    "1": 62501
  }
}