{
  "horizon": 1,
  "training_time": 1179.2571415901184,
  "final_alpha": 1000000000.0,
  "final_rho": 1.0,
  "final_dag_penalty": 7.433459949493408,
  "directional_accuracy": 0.7130325814536341,
  "rmse": 1.8566906452178955,
  "spearman": -0.025856067649221656,
  "mae": 0.9327389001846313,
  "smape": 140.1808500289917,
  "crps": 0.8925119388144135,
  "rmse_eur_mwh": 0.5622562766075134,
  "mae_eur_mwh": 0.282458633184433,
  "pred_std": 0.37962594628334045,
  "pred_range": 2.279700756072998,
  "regime_counts": {
    "0": 3,
    "1": 795
  }
}