{
  "horizon": 1,
  "training_time": 2088.7560663223267,
  "final_alpha": 1000000000.0,
  "final_rho": 1.0,
  "final_dag_penalty": 7.989138221740722,
  "directional_accuracy": 0.7030075187969925,
  "rmse": 1.750521183013916,
  "spearman": -0.029681864165386082,
  "mae": 0.9088455438613892,
  "smape": 150.22159814834595,
  "crps": 0.8848759083813909,
  "rmse_eur_mwh": 0.5301052331924438,
  "mae_eur_mwh": 0.2752230763435364,
  "pred_std": 0.29578375816345215,
  "pred_range": 1.5078675746917725,
  "regime_counts": {
    "0": 143,
    "1": 655
  }
}