{
  "horizon": 14,
  "training_time": 1754.8155164718628,
  "final_alpha": 1000000000.0,
  "final_rho": 1.0,
  "final_dag_penalty": 8.198399035135905,
  "directional_accuracy": 0.75,
  "rmse": 2.222313404083252,
  "spearman": -0.0760551184263535,
  "mae": 1.1857103109359741,
  "smape": 158.86520147323608,
  "crps": 1.1484303481478662,
  "rmse_eur_mwh": 0.44824111461639404,
  "mae_eur_mwh": 0.239158034324646,
  "pred_std": 0.2901642918586731,
  "pred_range": 1.6385374069213867,
  "regime_counts": {
    "1": 788
  }
}