{
  "msvar": {
    "metrics": {
      "rmse": 1.149076382008172,
      "mae": 0.34535322141835234,
      "smape": 197.50188631517372,
      "spearman": 0.0,
      "directional_accuracy": 0.7230194524167464
    },
    "elapsed_seconds": 12.655951738357544
  }
}