{
  "horizon": 1,
  "training_time": 1938.466225862503,
  "final_alpha": 1000000000.0,
  "final_rho": 1.0,
  "final_dag_penalty": 7.728564135233562,
  "directional_accuracy": 0.7205513784461153,
  "rmse": 1.4954626560211182,
  "spearman": 0.0591835056880767,
  "mae": 0.9318733215332031,
  "smape": 160.4940414428711,
  "crps": 0.9053159977697367,
  "rmse_eur_mwh": 0.4220430254936218,
  "mae_eur_mwh": 0.2629892826080322,
  "pred_std": 0.19948710501194,
  "pred_range": 1.1929161548614502,
  "regime_counts": {
    "0": 798
  }
}