{
  "horizon": 1,
  "training_time": 1997.0931539535522,
  "final_alpha": 894642229.185501,
  "final_rho": 1.0,
  "final_dag_penalty": 7.213557465871176,
  "directional_accuracy": 0.7481203007518797,
  "rmse": 2.201359272003174,
  "spearman": -0.03936975381148451,
  "mae": 1.2551865577697754,
  "smape": 167.18878746032715,
  "crps": 1.2420093285281322,
  "rmse_eur_mwh": 1.0870723724365234,
  "mae_eur_mwh": 0.6198346018791199,
  "pred_std": 0.14557887613773346,
  "pred_range": 0.9685201644897461,
  "regime_counts": {
    "0": 798
  }
}