{
  "horizon": 1,
  "training_time": 1371.6465108394623,
  "final_alpha": 1000000000.0,
  "final_rho": 1.0,
  "final_dag_penalty": 8.815273888905843,
  "directional_accuracy": 0.7117794486215538,
  "rmse": 1.5113235712051392,
  "spearman": -0.023722626078199353,
  "mae": 0.9376973509788513,
  "smape": 163.19442987442017,
  "crps": 0.9126805941869471,
  "rmse_eur_mwh": 0.4265192151069641,
  "mae_eur_mwh": 0.2646328806877136,
  "pred_std": 0.25654876232147217,
  "pred_range": 1.5370582342147827,
  "regime_counts": {
    "0": 40,
    "1": 758
  }
}