{
  "horizon": 7,
  "training_time": 1957.9050447940826,
  "final_alpha": 1000000000.0,
  "final_rho": 1.0,
  "final_dag_penalty": 7.728564135233562,
  "directional_accuracy": 0.70062893081761,
  "rmse": 2.194544553756714,
  "spearman": 0.08591753979249415,
  "mae": 1.2530598640441895,
  "smape": 149.4328260421753,
  "crps": 1.2127460920702295,
  "rmse_eur_mwh": 0.44264015555381775,
  "mae_eur_mwh": 0.2527424693107605,
  "pred_std": 0.543206512928009,
  "pred_range": 2.5657100677490234,
  "regime_counts": {
    "0": 346,
    "1": 449
  }
}