{
  "country": "FR",
  "n_regimes": 2,
  "init_mode": "seasonal",
  "min_regime_size": 50,
  "seed": 0,
  "spearman": 0.027922710238664224,
  "samples_per_regime": [
    744.0,
    104.0
  ],
  "structures": [
    {
      "regime": 0,
      "parents": {
        "instantaneous": [
          [
            "COAL_RET",
            0,
            "-0.0651482"
          ],
          [
            "CARBON_RET",
            0,
            "-0.05303862"
          ],
          [
            "GAS_RET",
            0,
            "-0.03449794"
          ]
        ],
        "lagged": [
          [
            "FR_RAIN",
            1,
            "-0.10255213"
          ],
          [
            "FR_RESIDUAL_LOAD",
            1,
            "-0.09440215"
          ],
          [
            "COAL_RET",
            1,
            "-0.083854645"
          ],
          [
            "FR_SOLAR",
            1,
            "-0.06824603"
          ],
          [
            "FR_WINDPOW",
            1,
            "-0.06421928"
          ],
          [
            "FR_HYDRO",
            1,
            "-0.06132925"
          ],
          [
            "DE_FR_EXCHANGE",
            1,
            "-0.059100643"
          ],
          [
            "FR_TEMP",
            1,
            "-0.05716385"
          ],
          [
            "FR_GAS",
            1,
            "-0.055293687"
          ],
          [
            "FR_NET_IMPORT",
            1,
            "-0.047260366"
          ],
          [
            "FR_DE_EXCHANGE",
            1,
            "-0.04617374"
          ],
          [
            "FR_WIND",
            1,
            "-0.041412175"
          ],
          [
            "FR_CONSUMPTION",
            1,
            "-0.036921147"
          ],
          [
            "FR_NET_EXPORT",
            1,
            "-0.034138437"
          ],
          [
            "CARBON_RET",
            1,
            "-0.032643586"
          ],
          [
            "FR_COAL",
            1,
            "-0.02815395"
          ],
          [
            "FR_NUCLEAR",
            1,
            "-0.018926954"
          ],
          [
            "GAS_RET",
            1,
            "-0.0048336615"
          ]
        ]
      }
    },
    {
      "regime": 1,
      "parents": {
        "instantaneous": [
          [
            "CARBON_RET",
            0,
            "0.11873655"
          ],
          [
            "FR_TEMP",
            0,
            "0.07359534"
          ]
        ],
        "lagged": [
          [
            "FR_NET_EXPORT",
            1,
            "0.062498897"
          ],
          [
            "FR_DE_EXCHANGE",
            1,
            "0.054503642"
          ],
          [
            "FR_CONSUMPTION",
            1,
            "0.05411582"
          ],
          [
            "FR_HYDRO",
            1,
            "-0.042582903"
          ],
          [
            "FR_WIND",
            1,
            "0.038990963"
          ],
          [
            "FR_COAL",
            1,
            "0.02681746"
          ],
          [
            "FR_TEMP",
            1,
            "-0.022618435"
          ]
        ]
      }
    }
  ]
}