{
  "horizon": 1,
  "training_time": 156711.23608613014,
  "final_alpha": 7.159418213885764,
  "final_rho": 1.0,
  "final_dag_penalty": 0.0,
  "directional_accuracy": 0.7326777220722458,
  "rmse": 2.705113410949707,
  "spearman": -0.008854588865970115,
  "mae": 0.6041556000709534,
  "smape": 105.64578771591187,
  "crps": 0.6039949214666447,
  "rmse_eur_mwh": 0.3894805312156677,
  "mae_eur_mwh": 0.08698593825101852,
  "pred_std": 0.00203663669526577,
  "pred_range": 0.01911173202097416,
  "regime_counts": {
    "0": 78431
  }
}