{
  "horizon": 1,
  "training_time": 161919.43153452873,
  "final_alpha": 7.243897758019611,
  "final_rho": 1.0,
  "final_dag_penalty": 0.0,
  "directional_accuracy": 0.7341688089117395,
  "rmse": 2.1476097106933594,
  "spearman": -0.0007123757619758692,
  "mae": 0.5690082311630249,
  "smape": 113.94490003585815,
  "crps": 0.5688447305887578,
  "rmse_eur_mwh": 0.2973968982696533,
  "mae_eur_mwh": 0.0787951722741127,
  "pred_std": 0.00144732347689569,
  "pred_range": 0.02633603848516941,
  "regime_counts": {
    "0": 78239
  }
}