{
  "horizon": 1,
  "training_time": 1301.2880370616913,
  "final_alpha": 1000000000.0,
  "final_rho": 1.0,
  "final_dag_penalty": 8.198399035135905,
  "directional_accuracy": 0.7478152309612984,
  "rmse": 2.2705039978027344,
  "spearman": 0.01571114348959063,
  "mae": 1.2190195322036743,
  "smape": 154.88696098327637,
  "crps": 1.1871868004793982,
  "rmse_eur_mwh": 0.4437738358974457,
  "mae_eur_mwh": 0.2382594645023346,
  "pred_std": 0.3435547649860382,
  "pred_range": 2.0358219146728516,
  "regime_counts": {
    "0": 22,
    "1": 779
  }
}