{
  "horizon": 7,
  "training_time": 4061.251301050186,
  "final_alpha": 1000000000.0,
  "final_rho": 1.0,
  "final_dag_penalty": 8.305616887410482,
  "directional_accuracy": 0.6578616352201258,
  "rmse": 2.2897443771362305,
  "spearman": -0.05134218691002659,
  "mae": 1.4394737482070923,
  "smape": 157.37682580947876,
  "crps": 1.4017264917515952,
  "rmse_eur_mwh": 0.46184197068214417,
  "mae_eur_mwh": 0.29034215211868286,
  "pred_std": 0.5874729752540588,
  "pred_range": 2.747958183288574,
  "regime_counts": {
    "0": 441,
    "1": 354
  }
}