{
  "horizon": 1,
  "training_time": 1753.3946692943573,
  "final_alpha": 1000000000.0,
  "final_rho": 1000000000.0,
  "final_dag_penalty": 62828887552.0,
  "directional_accuracy": 0.6478696741854637,
  "rmse": 1.6886682510375977,
  "spearman": -0.21976755854483715,
  "mae": 1.0068641901016235,
  "smape": 126.23341083526611,
  "crps": 0.9588722593716663,
  "rmse_eur_mwh": 0.9580571055412292,
  "mae_eur_mwh": 0.5712391138076782,
  "pred_std": 0.26566100120544434,
  "pred_range": 1.688196063041687,
  "regime_counts": {
    "0": 98,
    "1": 700
  }
}