{
  "config": {
    "country": "DE",
    "lambda_sparse": 0.5,
    "lambda_sparse_l2": 0.5,
    "l2_group_mode": "row",
    "seed": 1,
    "rho": 1.0
  },
  "metrics": {
    "spearman": 0.28441489141053444,
    "mse": 353477.19982270815,
    "mae": 594.5389194931162,
    "r2": -455328.45606054354
  },
  "structure": {
    "n_instantaneous_edges": 42,
    "n_lagged_edges": 168,
    "total_edges": 210,
    "instantaneous_parents": 4,
    "lagged_parents": 0
  },
  "causal_structure": {
    "instantaneous": [
      [
        "DE_RESIDUAL_LOAD",
        0,
        "0.05658634"
      ],
      [
        "DE_HYDRO",
        0,
        "0.028295577"
      ],
      [
        "DE_WINDPOW",
        0,
        "-0.02096259"
      ],
      [
        "DE_GAS",
        0,
        "-0.019783488"
      ]
    ],
    "lagged": []
  },
  "timestamp": "2026-01-17T14:10:21.347845"
}