{
  "config": {
    "country": "FR",
    "lambda_sparse": 0.5,
    "lambda_sparse_l2": 0.5,
    "l2_group_mode": "lag",
    "seed": 1,
    "rho": 1.0
  },
  "metrics": {
    "spearman": 0.1450589578715323,
    "mse": 36396.06157819895,
    "mae": 190.77518119794314,
    "r2": -41248.73400670807
  },
  "structure": {
    "n_instantaneous_edges": 34,
    "n_lagged_edges": 224,
    "total_edges": 258,
    "instantaneous_parents": 2,
    "lagged_parents": 18
  },
  "causal_structure": {
    "instantaneous": [
      [
        "CARBON_RET",
        0,
        "-0.04436581"
      ],
      [
        "GAS_RET",
        0,
        "0.039801136"
      ]
    ],
    "lagged": [
      [
        "COAL_RET",
        1,
        "-0.14468533"
      ],
      [
        "FR_RESIDUAL_LOAD",
        1,
        "-0.07596088"
      ],
      [
        "CARBON_RET",
        1,
        "-0.0723377"
      ],
      [
        "FR_CONSUMPTION",
        1,
        "-0.071293525"
      ],
      [
        "FR_RAIN",
        1,
        "-0.06783811"
      ],
      [
        "FR_COAL",
        1,
        "-0.065911986"
      ],
      [
        "FR_DE_EXCHANGE",
        1,
        "-0.05857906"
      ],
      [
        "FR_SOLAR",
        1,
        "-0.05077996"
      ],
      [
        "GAS_RET",
        1,
        "-0.04651476"
      ],
      [
        "FR_WIND",
        1,
        "-0.046425555"
      ]
    ]
  },
  "timestamp": "2026-01-17T14:10:24.804982"
}