{
  "config": {
    "country": "FR",
    "lambda_sparse": 0.5,
    "seed": 1,
    "rho": 1.0
  },
  "metrics": {
    "spearman": -0.0185771067173327,
    "mse": 86549.26604296976,
    "mae": 294.19102798893,
    "r2": -98090.22327913648
  },
  "structure": {
    "n_instantaneous_edges": 38,
    "n_lagged_edges": 243,
    "total_edges": 281,
    "instantaneous_parents": 3,
    "lagged_parents": 18
  },
  "causal_structure": {
    "instantaneous": [
      [
        "CARBON_RET",
        0,
        "-0.10404036"
      ],
      [
        "FR_HYDRO",
        0,
        "-0.053070895"
      ],
      [
        "FR_WINDPOW",
        0,
        "-0.047795285"
      ]
    ],
    "lagged": [
      [
        "FR_RAIN",
        1,
        "-0.101403385"
      ],
      [
        "FR_WINDPOW",
        1,
        "-0.09531028"
      ],
      [
        "COAL_RET",
        1,
        "-0.09303239"
      ],
      [
        "FR_RESIDUAL_LOAD",
        1,
        "-0.07686767"
      ],
      [
        "FR_GAS",
        1,
        "-0.07200374"
      ],
      [
        "GAS_RET",
        1,
        "-0.07018653"
      ],
      [
        "FR_CONSUMPTION",
        1,
        "-0.06474559"
      ],
      [
        "FR_NET_EXPORT",
        1,
        "-0.061318398"
      ],
      [
        "FR_TEMP",
        1,
        "-0.060873643"
      ],
      [
        "FR_NET_IMPORT",
        1,
        "-0.058122963"
      ]
    ]
  },
  "timestamp": "2026-01-16T01:38:18.974543"
}