{
  "horizon": 14,
  "training_time": 1862.3714241981506,
  "final_alpha": 1000000000.0,
  "final_rho": 1.0,
  "final_dag_penalty": 8.815273888905843,
  "directional_accuracy": 0.6763959390862944,
  "rmse": 2.279069662094116,
  "spearman": -0.057676668966182114,
  "mae": 1.3748066425323486,
  "smape": 154.83030080795288,
  "crps": 1.3420013789392902,
  "rmse_eur_mwh": 0.4596889019012451,
  "mae_eur_mwh": 0.27729877829551697,
  "pred_std": 0.5657012462615967,
  "pred_range": 2.416902780532837,
  "regime_counts": {
    "0": 487,
    "1": 301
  }
}