{
  "country": "FR",
  "n_regimes": 1,
  "spearman": 0.15831329547396086,
  "samples_per_regime": [
    850.0
  ],
  "structures": [
    {
      "regime": 0,
      "parents": {
        "instantaneous": [
          [
            "GAS_RET",
            0,
            "-0.15494329"
          ],
          [
            "CARBON_RET",
            0,
            "-0.099187694"
          ],
          [
            "COAL_RET",
            0,
            "-0.06608698"
          ]
        ],
        "lagged": [
          [
            "COAL_RET",
            1,
            "-0.14267106"
          ],
          [
            "FR_WINDPOW",
            1,
            "-0.113351025"
          ],
          [
            "CARBON_RET",
            1,
            "-0.07359701"
          ],
          [
            "FR_HYDRO",
            1,
            "-0.0691841"
          ],
          [
            "FR_NET_IMPORT",
            1,
            "-0.06839008"
          ],
          [
            "FR_DE_EXCHANGE",
            1,
            "-0.06622666"
          ],
          [
            "FR_GAS",
            1,
            "-0.06450245"
          ],
          [
            "FR_SOLAR",
            1,
            "-0.059184305"
          ],
          [
            "FR_WIND",
            1,
            "-0.053832587"
          ],
          [
            "FR_TEMP",
            1,
            "-0.05243331"
          ],
          [
            "GAS_RET",
            1,
            "-0.04717045"
          ],
          [
            "FR_RAIN",
            1,
            "-0.043789607"
          ],
          [
            "FR_COAL",
            1,
            "-0.03809104"
          ],
          [
            "DE_FR_EXCHANGE",
            1,
            "-0.035772923"
          ],
          [
            "FR_RESIDUAL_LOAD",
            1,
            "-0.022333274"
          ],
          [
            "FR_NET_EXPORT",
            1,
            "0.0018674737"
          ]
        ]
      }
    }
  ],
  "dags": [
    {
      "regime": 0,
      "n_samples": 850
    }
  ]
}