{
  "msvar": {
    "metrics": {
      "rmse": 1.3287070420296496,
      "mae": 0.6237007263081181,
      "smape": 173.50182984631368,
      "spearman": 0.0,
      "directional_accuracy": 0.6575166398898324
    },
    "elapsed_seconds": 12.202280759811401
  }
}