{
  "horizon": 1,
  "training_time": 2109.9619545936584,
  "final_alpha": 1000000000.0,
  "final_rho": 1.0,
  "final_dag_penalty": 7.433459949493408,
  "directional_accuracy": 0.7314930991217063,
  "rmse": 2.1191699504852295,
  "spearman": -0.035457986865243075,
  "mae": 1.3355830907821655,
  "smape": 166.7088270187378,
  "crps": 1.3075441888985941,
  "rmse_eur_mwh": 0.6068606972694397,
  "mae_eur_mwh": 0.3824670910835266,
  "pred_std": 0.24169108271598816,
  "pred_range": 1.5445225238800049,
  "regime_counts": {
    "0": 65,
    "1": 733
  }
}