{
  "horizon": 1,
  "training_time": 2326.0423634052277,
  "final_alpha": 1000000000.0,
  "final_rho": 1.0,
  "final_dag_penalty": 7.6722226778666185,
  "directional_accuracy": 0.7214554579673776,
  "rmse": 2.0815212726593018,
  "spearman": 0.05122357424777997,
  "mae": 1.3519060611724854,
  "smape": 165.22455215454102,
  "crps": 1.3227234814545663,
  "rmse_eur_mwh": 0.5960793495178223,
  "mae_eur_mwh": 0.38714149594306946,
  "pred_std": 0.20811793208122253,
  "pred_range": 1.1678272485733032,
  "regime_counts": {
    "0": 551,
    "1": 247
  }
}