{
  "horizon": 1,
  "training_time": 1353.9907114505768,
  "final_alpha": 1000000000.0,
  "final_rho": 1.0,
  "final_dag_penalty": 7.541610304514568,
  "directional_accuracy": 0.7590966122961104,
  "rmse": 2.0330889225006104,
  "spearman": 0.23446040090213371,
  "mae": 1.295006275177002,
  "smape": 154.86265420913696,
  "crps": 1.2668209374018407,
  "rmse_eur_mwh": 0.5822099447250366,
  "mae_eur_mwh": 0.37084731459617615,
  "pred_std": 0.3425944149494171,
  "pred_range": 1.9083218574523926,
  "regime_counts": {
    "0": 137,
    "1": 661
  }
}