{
  "horizon": 1,
  "training_time": 69821.34620904922,
  "final_alpha": 23.333061848064464,
  "final_rho": 1.0,
  "final_dag_penalty": 0.0,
  "directional_accuracy": 0.7249323115047497,
  "rmse": 1.7604933977127075,
  "spearman": -0.03552068871304862,
  "mae": 0.44898656010627747,
  "smape": 187.110435962677,
  "crps": 0.4489752562792431,
  "rmse_eur_mwh": 0.3787320852279663,
  "mae_eur_mwh": 0.09658973664045334,
  "pred_std": 0.005087229888886213,
  "pred_range": 0.23129726946353912,
  "regime_counts": {
    "1": 28675
  }
}