{
  "horizon": 1,
  "training_time": 1329.0212235450745,
  "final_alpha": 1000000000.0,
  "final_rho": 1.0,
  "final_dag_penalty": 8.815273888905843,
  "directional_accuracy": 0.6704260651629073,
  "rmse": 0.9847189784049988,
  "spearman": -0.10948267383858291,
  "mae": 0.6645293831825256,
  "smape": 142.93638467788696,
  "crps": 0.6425799693943245,
  "rmse_eur_mwh": 0.14504003524780273,
  "mae_eur_mwh": 0.09787905216217041,
  "pred_std": 0.31434309482574463,
  "pred_range": 1.7563197612762451,
  "regime_counts": {
    "0": 760,
    "1": 38
  }
}