{
  "horizon": 1,
  "training_time": 1298.198034286499,
  "final_alpha": 1000000000.0,
  "final_rho": 1.0,
  "final_dag_penalty": 8.305616887410482,
  "directional_accuracy": 0.6729088639200999,
  "rmse": 2.3564765453338623,
  "spearman": -0.11439082537102935,
  "mae": 1.4307693243026733,
  "smape": 161.6850733757019,
  "crps": 1.394508406036232,
  "rmse_eur_mwh": 0.4605773687362671,
  "mae_eur_mwh": 0.2796463072299957,
  "pred_std": 0.504379391670227,
  "pred_range": 2.40655255317688,
  "regime_counts": {
    "0": 405,
    "1": 396
  }
}