{
  "horizon": 1,
  "training_time": 1167.4764440059662,
  "final_alpha": 1000000000.0,
  "final_rho": 1000000000.0,
  "final_dag_penalty": 62163358139.73332,
  "directional_accuracy": 0.6478696741854637,
  "rmse": 1.6690016984939575,
  "spearman": -0.023633649999411584,
  "mae": 1.0057244300842285,
  "smape": 123.85522127151489,
  "crps": 0.958211081625746,
  "rmse_eur_mwh": 0.9468993544578552,
  "mae_eur_mwh": 0.57059246301651,
  "pred_std": 0.17344219982624054,
  "pred_range": 1.0222803354263306,
  "regime_counts": {
    "0": 712,
    "1": 86
  }
}