{
  "msvar": {
    "metrics": {
      "rmse": 1.7813138709240697,
      "mae": 0.4159495092570301,
      "smape": 197.31982445227868,
      "spearman": 0.0,
      "directional_accuracy": 0.7249462827675118
    },
    "elapsed_seconds": 33.88609743118286
  }
}