{
  "horizon": 1,
  "training_time": 1176.3309280872345,
  "final_alpha": 1000000000.0,
  "final_rho": 1.0,
  "final_dag_penalty": 7.728564135233562,
  "directional_accuracy": 0.7440699126092385,
  "rmse": 2.2740252017974854,
  "spearman": -0.030857897391353077,
  "mae": 1.2158477306365967,
  "smape": 160.98583936691284,
  "crps": 1.1855889974566003,
  "rmse_eur_mwh": 0.4444620907306671,
  "mae_eur_mwh": 0.23763950169086456,
  "pred_std": 0.292735755443573,
  "pred_range": 1.8022844791412354,
  "regime_counts": {
    "0": 781,
    "1": 20
  }
}