{
  "country": "DE",
  "n_regimes": 1,
  "spearman": 0.3770061613482611,
  "samples_per_regime": [
    642.0
  ],
  "structures": [
    {
      "regime": 0,
      "parents": {
        "instantaneous": [
          [
            "DE_RESIDUAL_LOAD",
            0,
            "0.04774608"
          ],
          [
            "DE_WINDPOW",
            0,
            "0.039378744"
          ],
          [
            "DE_RAIN",
            0,
            "0.03543178"
          ],
          [
            "DE_HYDRO",
            0,
            "0.024962183"
          ]
        ],
        "lagged": [
          [
            "DE_CONSUMPTION",
            1,
            "-0.06621606"
          ],
          [
            "DE_SOLAR",
            1,
            "0.051822446"
          ],
          [
            "DE_RAIN",
            1,
            "0.03512648"
          ],
          [
            "DE_TEMP",
            1,
            "0.028084561"
          ],
          [
            "COAL_RET",
            1,
            "0.02616168"
          ]
        ]
      }
    }
  ],
  "dags": [
    {
      "regime": 0,
      "n_samples": 642
    }
  ]
}