{
  "horizon": 1,
  "training_time": 1252.2337741851807,
  "final_alpha": 1000000000.0,
  "final_rho": 1000000000.0,
  "final_dag_penalty": 62591823496.53334,
  "directional_accuracy": 0.7431077694235589,
  "rmse": 1.4277780055999756,
  "spearman": 0.14941725635564296,
  "mae": 0.752927839756012,
  "smape": 130.30699491500854,
  "crps": 0.70193203186582,
  "rmse_eur_mwh": 0.8100423812866211,
  "mae_eur_mwh": 0.42716965079307556,
  "pred_std": 0.19138145446777344,
  "pred_range": 1.3327239751815796,
  "regime_counts": {
    "0": 796,
    "1": 2
  }
}