{
  "horizon": 1,
  "training_time": 2166.3573381900787,
  "final_alpha": 1000000000.0,
  "final_rho": 1.0,
  "final_dag_penalty": 8.518007532755535,
  "directional_accuracy": 0.739021329987453,
  "rmse": 2.357898712158203,
  "spearman": -0.2254800770331196,
  "mae": 1.2715708017349243,
  "smape": 159.66888666152954,
  "crps": 1.2402377132871332,
  "rmse_eur_mwh": 0.6001084446907043,
  "mae_eur_mwh": 0.3236272931098938,
  "pred_std": 0.2376135289669037,
  "pred_range": 1.5565061569213867,
  "regime_counts": {
    "1": 798
  }
}