{
  "horizon": 7,
  "training_time": 2076.6171255111694,
  "final_alpha": 1000000000.0,
  "final_rho": 1.0,
  "final_dag_penalty": 8.198399035135905,
  "directional_accuracy": 0.7433962264150943,
  "rmse": 2.2299726009368896,
  "spearman": -0.1422848284481196,
  "mae": 1.1995242834091187,
  "smape": 162.67375946044922,
  "crps": 1.1637457596888816,
  "rmse_eur_mwh": 0.449785977602005,
  "mae_eur_mwh": 0.2419443130493164,
  "pred_std": 0.28890523314476013,
  "pred_range": 1.7199251651763916,
  "regime_counts": {
    "0": 1,
    "1": 794
  }
}