{
  "horizon": 1,
  "training_time": 87303.3917939663,
  "final_alpha": 18.859322326989485,
  "final_rho": 1.0,
  "final_dag_penalty": 0.0,
  "directional_accuracy": 0.683752304011922,
  "rmse": 1.771994948387146,
  "spearman": -0.027660431477892825,
  "mae": 0.5834040641784668,
  "smape": 193.00459623336792,
  "crps": 0.5833000761161323,
  "rmse_eur_mwh": 0.29336872696876526,
  "mae_eur_mwh": 0.09658746421337128,
  "pred_std": 0.0013891446869820356,
  "pred_range": 0.05141633003950119,
  "regime_counts": {
    "0": 39475
  }
}