{
  "horizon": 1,
  "training_time": 20421.323037147522,
  "final_alpha": 1895.9684089123616,
  "final_rho": 1000.0,
  "final_dag_penalty": 0.0004894904719973073,
  "directional_accuracy": 0.675206611570248,
  "rmse": 1.3269977569580078,
  "spearman": 0.15968205309692612,
  "mae": 0.6051950454711914,
  "smape": 192.52264499664307,
  "crps": 0.6050244884136748,
  "rmse_eur_mwh": 0.29808366298675537,
  "mae_eur_mwh": 0.13594503700733185,
  "pred_std": 0.004528671968728304,
  "pred_range": 0.10073377192020416,
  "regime_counts": {
    "1": 21878
  }
}