{
  "horizon": 1,
  "training_time": 2187.5374257564545,
  "final_alpha": 1000000000.0,
  "final_rho": 1.0,
  "final_dag_penalty": 8.333415063222251,
  "directional_accuracy": 0.7255639097744361,
  "rmse": 1.183477520942688,
  "spearman": 0.1586882736833982,
  "mae": 0.5457608103752136,
  "smape": 137.8185510635376,
  "crps": 0.5216150969713967,
  "rmse_eur_mwh": 0.8875037431716919,
  "mae_eur_mwh": 0.4092724323272705,
  "pred_std": 0.23534108698368073,
  "pred_range": 1.2511680126190186,
  "regime_counts": {
    "0": 136,
    "1": 662
  }
}