{
  "horizon": 1,
  "training_time": 2280.3790435791016,
  "final_alpha": 1000000000.0,
  "final_rho": 1.0,
  "final_dag_penalty": 7.424921131134033,
  "directional_accuracy": 0.656641604010025,
  "rmse": 1.3171346187591553,
  "spearman": 0.05227644397429722,
  "mae": 0.8400757908821106,
  "smape": 155.20068407058716,
  "crps": 0.8001538876498026,
  "rmse_eur_mwh": 0.6233457326889038,
  "mae_eur_mwh": 0.3975733816623688,
  "pred_std": 0.4807034432888031,
  "pred_range": 2.494182825088501,
  "regime_counts": {
    "0": 444,
    "1": 354
  }
}