{
  "horizon": 1,
  "training_time": 2163.278121948242,
  "final_alpha": 1000000000.0,
  "final_rho": 1.0,
  "final_dag_penalty": 8.198399035135905,
  "directional_accuracy": 0.7406015037593985,
  "rmse": 1.5105016231536865,
  "spearman": 0.03588561644465599,
  "mae": 0.8817809224128723,
  "smape": 153.37470769882202,
  "crps": 0.8528199578198792,
  "rmse_eur_mwh": 0.4262872636318207,
  "mae_eur_mwh": 0.2488524168729782,
  "pred_std": 0.23019737005233765,
  "pred_range": 1.2660746574401855,
  "regime_counts": {
    "0": 1,
    "1": 797
  }
}