{
  "horizon": 1,
  "training_time": 1167.2812519073486,
  "final_alpha": 1000000000.0,
  "final_rho": 1.0,
  "final_dag_penalty": 8.555188083648684,
  "directional_accuracy": 0.6829573934837093,
  "rmse": 1.2096854448318481,
  "spearman": -0.0674244576445022,
  "mae": 0.5627842545509338,
  "smape": 150.90951919555664,
  "crps": 0.5366345198773326,
  "rmse_eur_mwh": 0.9071574211120605,
  "mae_eur_mwh": 0.4220385253429413,
  "pred_std": 0.17423342168331146,
  "pred_range": 0.9668759107589722,
  "regime_counts": {
    "0": 798
  }
}