{
  "horizon": 14,
  "training_time": 1598.774316072464,
  "final_alpha": 1000000000.0,
  "final_rho": 1.0,
  "final_dag_penalty": 8.25303430557251,
  "directional_accuracy": 0.7411167512690355,
  "rmse": 2.2703630924224854,
  "spearman": -0.07656277923643742,
  "mae": 1.2016370296478271,
  "smape": 148.4713912010193,
  "crps": 1.1807297629744722,
  "rmse_eur_mwh": 0.4579327404499054,
  "mae_eur_mwh": 0.24237045645713806,
  "pred_std": 0.36890971660614014,
  "pred_range": 1.8320248126983643,
  "regime_counts": {
    "0": 788
  }
}