{
  "horizon": 1,
  "training_time": 32902.193027973175,
  "final_alpha": 140.77416252788558,
  "final_rho": 1.0,
  "final_dag_penalty": 0.0,
  "directional_accuracy": 0.7238142967788965,
  "rmse": 1.160606861114502,
  "spearman": -0.06619360832586749,
  "mae": 0.35512006282806396,
  "smape": 191.86699390411377,
  "crps": 0.35511947038807096,
  "rmse_eur_mwh": 0.3630976378917694,
  "mae_eur_mwh": 0.11109984666109085,
  "pred_std": 0.11490162461996078,
  "pred_range": 2.355269193649292,
  "regime_counts": {
    "1": 28675
  }
}