{
  "horizon": 1,
  "training_time": 1581.3799736499786,
  "final_alpha": 1000000000.0,
  "final_rho": 1.0,
  "final_dag_penalty": 7.8719289461771655,
  "directional_accuracy": 0.6541353383458647,
  "rmse": 1.2388272285461426,
  "spearman": 0.03171352416795665,
  "mae": 0.7395328283309937,
  "smape": 161.44123077392578,
  "crps": 0.7019866180058456,
  "rmse_eur_mwh": 0.5862860083580017,
  "mae_eur_mwh": 0.34999048709869385,
  "pred_std": 0.31613272428512573,
  "pred_range": 2.1864025592803955,
  "regime_counts": {
    "0": 547,
    "1": 251
  }
}