{
  "horizon": 1,
  "training_time": 25270.680161952972,
  "final_alpha": 34.40826751708984,
  "final_rho": 1.0,
  "final_dag_penalty": 0.0,
  "directional_accuracy": 0.7409226392087793,
  "rmse": 1.169032096862793,
  "spearman": 0.0037008788189350733,
  "mae": 0.3366647958755493,
  "smape": 85.63656210899353,
  "crps": 0.3365875594019388,
  "rmse_eur_mwh": 0.26347488164901733,
  "mae_eur_mwh": 0.07587706297636032,
  "pred_std": 0.007943952456116676,
  "pred_range": 0.04922644421458244,
  "regime_counts": {
    "1": 43708
  }
}