{
  "horizon": 1,
  "training_time": 47955.32348942757,
  "final_alpha": 15.390901050515655,
  "final_rho": 1.0,
  "final_dag_penalty": 0.0,
  "directional_accuracy": 0.7304280755881218,
  "rmse": 2.8513565063476562,
  "spearman": -0.1053027811040269,
  "mae": 0.7648413181304932,
  "smape": 99.79107975959778,
  "crps": 0.7648165119453552,
  "rmse_eur_mwh": 0.2705124318599701,
  "mae_eur_mwh": 0.07256162911653519,
  "pred_std": 0.0018837859388440847,
  "pred_range": 0.02061501145362854,
  "regime_counts": {
    "1": 78238
  }
}