{
  "horizon": 1,
  "training_time": 1740.406310081482,
  "final_alpha": 1000000000.0,
  "final_rho": 1.0,
  "final_dag_penalty": 7.989138221740722,
  "directional_accuracy": 0.7578419071518193,
  "rmse": 2.1211094856262207,
  "spearman": -0.01625581902123745,
  "mae": 1.313530445098877,
  "smape": 162.8166913986206,
  "crps": 1.287489653905338,
  "rmse_eur_mwh": 0.6074160933494568,
  "mae_eur_mwh": 0.376151978969574,
  "pred_std": 0.20175698399543762,
  "pred_range": 1.2612309455871582,
  "regime_counts": {
    "0": 141,
    "1": 657
  }
}