{
  "horizon": 1,
  "training_time": 125070.80927705765,
  "final_alpha": 12.012392574223606,
  "final_rho": 1.0,
  "final_dag_penalty": 0.0,
  "directional_accuracy": 0.7362419051059109,
  "rmse": 2.238379955291748,
  "spearman": -0.0347007374153093,
  "mae": 0.5550495386123657,
  "smape": 85.8594298362732,
  "crps": 0.5548193337679804,
  "rmse_eur_mwh": 0.2989290654659271,
  "mae_eur_mwh": 0.0741252452135086,
  "pred_std": 0.0010475064627826214,
  "pred_range": 0.014581363648176193,
  "regime_counts": {
    "0": 62501
  }
}