{
  "horizon": 1,
  "training_time": 2289.7188999652863,
  "final_alpha": 1000000000.0,
  "final_rho": 1.0,
  "final_dag_penalty": 8.305616887410482,
  "directional_accuracy": 0.6616541353383458,
  "rmse": 1.030068039894104,
  "spearman": 0.004246470932922758,
  "mae": 0.7668372988700867,
  "smape": 151.45221948623657,
  "crps": 0.7330291244381473,
  "rmse_eur_mwh": 0.15171954035758972,
  "mae_eur_mwh": 0.11294808238744736,
  "pred_std": 0.4872778058052063,
  "pred_range": 2.35793137550354,
  "regime_counts": {
    "0": 380,
    "1": 418
  }
}