{
  "horizon": 1,
  "training_time": 2106.9423060417175,
  "final_alpha": 1000000000.0,
  "final_rho": 1.0,
  "final_dag_penalty": 8.473445065816243,
  "directional_accuracy": 0.7515683814303639,
  "rmse": 2.2660114765167236,
  "spearman": 0.11293800252348843,
  "mae": 1.2310365438461304,
  "smape": 165.11441469192505,
  "crps": 1.1966855737960693,
  "rmse_eur_mwh": 0.576722264289856,
  "mae_eur_mwh": 0.3133109509944916,
  "pred_std": 0.19399714469909668,
  "pred_range": 1.1736774444580078,
  "regime_counts": {
    "0": 46,
    "1": 752
  }
}