{
  "horizon": 1,
  "training_time": 2035.92689037323,
  "final_alpha": 1000000000.0,
  "final_rho": 1.0,
  "final_dag_penalty": 7.46009391148885,
  "directional_accuracy": 0.7305764411027569,
  "rmse": 2.1725542545318604,
  "spearman": 0.006990060498368432,
  "mae": 1.2363184690475464,
  "smape": 164.18488025665283,
  "crps": 1.2180420939985728,
  "rmse_eur_mwh": 0.750523567199707,
  "mae_eur_mwh": 0.42709457874298096,
  "pred_std": 0.19472184777259827,
  "pred_range": 1.169991135597229,
  "regime_counts": {
    "0": 4,
    "1": 794
  }
}