{
  "horizon": 1,
  "training_time": 1357.6440436840057,
  "final_alpha": 890828988.5711473,
  "final_rho": 1.0,
  "final_dag_penalty": 7.197319348653157,
  "directional_accuracy": 0.7481203007518797,
  "rmse": 2.19126033782959,
  "spearman": -0.012619054571310408,
  "mae": 1.2524645328521729,
  "smape": 167.4178123474121,
  "crps": 1.229288525567854,
  "rmse_eur_mwh": 1.082085371017456,
  "mae_eur_mwh": 0.6184903979301453,
  "pred_std": 0.15636149048805237,
  "pred_range": 1.0664830207824707,
  "regime_counts": {
    "0": 798
  }
}