{
  "msvar": {
    "metrics": {
      "rmse": 1.1687420962958983,
      "mae": 0.3332611150292097,
      "smape": 77.83722085859594,
      "spearman": 0.0,
      "directional_accuracy": 0.7374606292545806
    },
    "elapsed_seconds": 29.87380599975586
  }
}