{
  "horizon": 1,
  "training_time": 2304.3986892700195,
  "final_alpha": 1000000000.0,
  "final_rho": 1.0,
  "final_dag_penalty": 8.333415063222251,
  "directional_accuracy": 0.7515683814303639,
  "rmse": 1.6954050064086914,
  "spearman": 0.20858395381421,
  "mae": 0.7463446259498596,
  "smape": 141.34622812271118,
  "crps": 0.7240030953091126,
  "rmse_eur_mwh": 0.8203926682472229,
  "mae_eur_mwh": 0.3611501455307007,
  "pred_std": 0.21877066791057587,
  "pred_range": 1.3249258995056152,
  "regime_counts": {
    "0": 33,
    "1": 765
  }
}