{
  "horizon": 1,
  "training_time": 1774.7980484962463,
  "final_alpha": 1000000000.0,
  "final_rho": 1.0,
  "final_dag_penalty": 7.728564135233562,
  "directional_accuracy": 0.7218045112781954,
  "rmse": 0.9091914296150208,
  "spearman": 0.04935105902636985,
  "mae": 0.6126821637153625,
  "smape": 137.86945343017578,
  "crps": 0.5822402822407261,
  "rmse_eur_mwh": 0.13391552865505219,
  "mae_eur_mwh": 0.09024243801832199,
  "pred_std": 0.27322646975517273,
  "pred_range": 1.733489990234375,
  "regime_counts": {
    "0": 752,
    "1": 46
  }
}