{
  "horizon": 1,
  "training_time": 2133.939605474472,
  "final_alpha": 1000000000.0,
  "final_rho": 1.0,
  "final_dag_penalty": 8.25303430557251,
  "directional_accuracy": 0.7042606516290727,
  "rmse": 0.9254078269004822,
  "spearman": 0.012939578574001803,
  "mae": 0.6381346583366394,
  "smape": 146.2775468826294,
  "crps": 0.6201844782037819,
  "rmse_eur_mwh": 0.1363040655851364,
  "mae_eur_mwh": 0.09399136900901794,
  "pred_std": 0.3161836862564087,
  "pred_range": 2.054732322692871,
  "regime_counts": {
    "0": 777,
    "1": 21
  }
}