{
  "country": "FR",
  "n_regimes": 1,
  "init_mode": "seasonal",
  "min_regime_size": 50,
  "seed": 1,
  "spearman": 0.1518693109757168,
  "samples_per_regime": [
    830.0
  ],
  "structures": [
    {
      "regime": 0,
      "parents": {
        "instantaneous": [
          [
            "CARBON_RET",
            0,
            "-0.14486727"
          ],
          [
            "GAS_RET",
            0,
            "-0.07350672"
          ]
        ],
        "lagged": [
          [
            "COAL_RET",
            1,
            "-0.15357693"
          ],
          [
            "FR_RAIN",
            1,
            "-0.12990022"
          ],
          [
            "FR_WINDPOW",
            1,
            "-0.091869004"
          ],
          [
            "FR_COAL",
            1,
            "-0.085379854"
          ],
          [
            "GAS_RET",
            1,
            "-0.07463246"
          ],
          [
            "CARBON_RET",
            1,
            "-0.074297175"
          ],
          [
            "FR_NET_EXPORT",
            1,
            "-0.074131355"
          ],
          [
            "DE_FR_EXCHANGE",
            1,
            "-0.07315885"
          ],
          [
            "FR_CONSUMPTION",
            1,
            "-0.06887806"
          ],
          [
            "FR_TEMP",
            1,
            "-0.06635663"
          ],
          [
            "FR_SOLAR",
            1,
            "-0.061860368"
          ],
          [
            "FR_DE_EXCHANGE",
            1,
            "-0.053515155"
          ],
          [
            "FR_GAS",
            1,
            "-0.0533605"
          ],
          [
            "FR_WIND",
            1,
            "-0.048404176"
          ],
          [
            "FR_HYDRO",
            1,
            "-0.044875406"
          ],
          [
            "FR_NET_IMPORT",
            1,
            "-0.04267902"
          ],
          [
            "FR_NUCLEAR",
            1,
            "-0.03458467"
          ],
          [
            "FR_RESIDUAL_LOAD",
            1,
            "-0.018992893"
          ]
        ]
      }
    }
  ]
}