{
  "horizon": 1,
  "training_time": 27482.25802564621,
  "final_alpha": 38.66620359806358,
  "final_rho": 1.0,
  "final_dag_penalty": 0.0,
  "directional_accuracy": 0.6862622063610337,
  "rmse": 1.7736425399780273,
  "spearman": -0.03239918835840616,
  "mae": 0.5722871422767639,
  "smape": 135.30545234680176,
  "crps": 0.5720572409055947,
  "rmse_eur_mwh": 0.29364147782325745,
  "mae_eur_mwh": 0.09474696218967438,
  "pred_std": 0.010889396071434021,
  "pred_range": 0.10081163048744202,
  "regime_counts": {
    "1": 39475
  }
}