{
  "horizon": 1,
  "training_time": 79639.35478210449,
  "final_alpha": 49.13111949895884,
  "final_rho": 1.0,
  "final_dag_penalty": 0.0,
  "directional_accuracy": 0.6793847566574839,
  "rmse": 1.329298973083496,
  "spearman": -0.11504353706554447,
  "mae": 0.6020508408546448,
  "smape": 184.8165988922119,
  "crps": 0.6020488838421278,
  "rmse_eur_mwh": 0.29860058426856995,
  "mae_eur_mwh": 0.13523876667022705,
  "pred_std": 0.0009269492002204061,
  "pred_range": 0.013041116297245026,
  "regime_counts": {
    "1": 21878
  }
}