{
  "horizon": 1,
  "training_time": 1277.0604174137115,
  "final_alpha": 1000000000.0,
  "final_rho": 1.0,
  "final_dag_penalty": 8.815273888905843,
  "directional_accuracy": 0.7166042446941323,
  "rmse": 2.200317144393921,
  "spearman": 0.19537660997319434,
  "mae": 1.2423166036605835,
  "smape": 142.23378896713257,
  "crps": 1.2078538800370011,
  "rmse_eur_mwh": 0.4300557076931,
  "mae_eur_mwh": 0.24281291663646698,
  "pred_std": 0.5673919916152954,
  "pred_range": 2.566744327545166,
  "regime_counts": {
    "0": 518,
    "1": 283
  }
}